<TICKER>;<PER>;<DATE>;<TIME>;<OPEN>;<HIGH>;<LOW>;<CLOSE>;<VOL>
SBER;D;230109;000000;141.84;142.99;141.65;142.4;31314900
SBER;D;230110;000000;142.11;142.85;141.31;142.81;23691190
SBER;D;230111;000000;142.97;149.98;142.87;149.96;123046960
SBER;D;230112;000000;150.05;150.79;148.39;149.3;46557290
SBER;D;230113;000000;149.57;153.28;147.71;151.69;88460580
SBER;D;230116;000000;152.85;154;151.88;153.71;51527810
SBER;D;230117;000000;153.97;154.31;150.01;150.45;84226560
SBER;D;230118;000000;150.4;153;149.41;151.47;67364580
SBER;D;230119;000000;151.2;152.85;148.56;149.34;66640910
SBER;D;230120;000000;149.7;151.4;148.64;151.38;44165570
SBER;D;230123;000000;151.9;154.1;151.01;153.5;55100140
SBER;D;230124;000000;153.94;155.58;152.28;152.66;78662030
SBER;D;230125;000000;152.45;153.6;151.5;152.81;43317800
SBER;D;230126;000000;153.32;154.3;151.73;152.4;45375340
SBER;D;230127;000000;152.4;153.48;151.69;153.2;34069080
SBER;D;230130;000000;153.5;153.88;152.21;153.38;31014210
SBER;D;230131;000000;153.51;158.18;153.3;158.07;77840320
SBER;D;230201;000000;158.2;159.6;156.5;158.29;66229060
SBER;D;230202;000000;158.39;160.29;157.37;159.45;53822290
SBER;D;230203;000000;159.09;162.32;157.88;161.26;63595690
SBER;D;230206;000000;161.71;167.17;161.01;167.09;88885050
SBER;D;230207;000000;167.3;168.7;163.4;165.39;92561690
SBER;D;230208;000000;165.1;166.35;162.7;164.15;58565870
SBER;D;230209;000000;164.35;167.47;161.27;165.31;107000260
SBER;D;230210;000000;165;166.49;164.5;165.52;40772540
SBER;D;230213;000000;165.21;166.88;164.17;164.32;36134650
SBER;D;230214;000000;164.3;164.38;161.64;161.86;58676770
SBER;D;230215;000000;160.93;161.12;153.83;156.25;113600860
SBER;D;230216;000000;157.34;159.3;156.25;158.22;68386460
SBER;D;230217;000000;157.95;160.38;156.91;159.73;51777410
SBER;D;230220;000000;159.42;161.3;156.73;160.09;63810790
SBER;D;230221;000000;160.64;165.65;159.26;164.15;127324000
SBER;D;230222;000000;164.13;164.42;162.5;163.37;43695690
SBER;D;230224;000000;163.33;165.5;163.1;164.3;37700530
SBER;D;230227;000000;163.64;170;162.96;169.95;100005170
SBER;D;230228;000000;170.48;171.92;168.37;169.82;80540860
SBER;D;230301;000000;170.4;171.66;169.5;170.53;53655680
SBER;D;230302;000000;170.4;170.4;166.55;168.05;86014000
SBER;D;230303;000000;168.2;171.26;167.9;171.16;49424990
SBER;D;230306;000000;172.13;172.99;171.35;171.84;64237540
SBER;D;230307;000000;171.87;174.2;171;174.01;55231190
SBER;D;230309;000000;174.85;174.89;172.21;172.55;79748090
SBER;D;230310;000000;171.71;173;170.58;172.53;49778720
SBER;D;230313;000000;172.53;173.9;169.26;172.15;73298080
SBER;D;230314;000000;171.65;176.95;171.01;175.71;89212040
SBER;D;230315;000000;176;177.37;173.59;175.3;79838900
SBER;D;230316;000000;174.9;176.04;173.36;175.45;51345380
SBER;D;230317;000000;183.02;193.66;178.56;193.59;384905230
SBER;D;230320;000000;196.03;205.09;195;203.73;155827740
SBER;D;230321;000000;204.75;208;201.25;203.32;122268990
SBER;D;230322;000000;203.41;204.4;201.59;202.89;57464560
SBER;D;230323;000000;202.55;204.2;202.22;202.58;26484020
SBER;D;230324;000000;202.85;203.85;202;203.57;24297290
SBER;D;230327;000000;204.02;213.2;204.01;211.84;101348890
SBER;D;230328;000000;212.85;214.7;210.67;214.03;73669280
SBER;D;230329;000000;214.86;219.53;213.6;217.99;96549640
SBER;D;230330;000000;217.34;218.45;216.12;216.87;40737550
SBER;D;230331;000000;217.2;217.35;211.3;216.6;88023190
SBER;D;230403;000000;218.45;219.44;214.8;216.09;54788980
SBER;D;230404;000000;216.2;217.29;213.8;214.83;45747250
SBER;D;230405;000000;214.69;216.3;211.4;216.15;46127960
SBER;D;230406;000000;216.3;217.38;214.07;214.25;38993420
SBER;D;230407;000000;214.5;216.39;213.65;216.27;29157060
SBER;D;230410;000000;217.1;222.26;216.61;222.21;84958930
SBER;D;230411;000000;222.9;223.33;217.62;218.6;98349200
SBER;D;230412;000000;218.62;219.7;216.67;219.22;44633200
SBER;D;230413;000000;219.41;220.89;218;219.85;32580550
SBER;D;230414;000000;219.99;222.5;218.51;221.87;43248810
SBER;D;230417;000000;222.97;228.2;222.91;228.1;78562510
SBER;D;230418;000000;227.89;232.76;227.05;232.66;97459980
SBER;D;230419;000000;232.67;237.37;231.1;232.95;115494020
SBER;D;230420;000000;233.32;236.47;229.84;236.28;85046740
SBER;D;230421;000000;237.4;238.85;233.52;235.17;115606560
SBER;D;230424;000000;235.09;236.4;234.1;235.1;30405040
SBER;D;230425;000000;235.16;235.82;234.21;235.3;32063750
SBER;D;230426;000000;235.55;235.95;234.91;235.21;24351620
SBER;D;230427;000000;235.51;240.74;235.13;240.38;68224840
SBER;D;230428;000000;240.86;241.58;237.66;240.38;49494960
SBER;D;230502;000000;242.2;245;237.4;242.62;83246880
SBER;D;230503;000000;242.85;242.99;234;235.77;76740930
SBER;D;230504;000000;236.51;239.74;236.05;238.89;53006840
SBER;D;230505;000000;239.19;240.66;237.3;237.7;61314710
SBER;D;230508;000000;238.65;239.86;237.36;238.27;47676110
SBER;D;230510;000000;216.51;227.5;215.7;227.06;154134860
SBER;D;230511;000000;228.57;235.38;223.94;229.32;197037380
SBER;D;230512;000000;231.05;232.47;226.15;229.29;69831820
SBER;D;230515;000000;230.54;231.75;228.52;231.7;48873370
SBER;D;230516;000000;232.4;232.86;229.57;230.62;36429340
SBER;D;230517;000000;229.86;230.97;228.75;230.55;31635370
SBER;D;230518;000000;231.72;234.49;230.72;231.7;55909060
SBER;D;230519;000000;230.98;232.3;229.81;231.27;31540330
SBER;D;230522;000000;232.2;232.78;230;231;26351890
SBER;D;230523;000000;231.24;237.29;230.21;236.43;62996030
SBER;D;230524;000000;237.49;246.13;236.26;246.06;85850770
SBER;D;230525;000000;246.11;247.4;242.65;243.76;70582820
SBER;D;230526;000000;243.49;249.64;242.81;248.1;69113640
SBER;D;230529;000000;249.77;252.59;248.85;251.18;67591330
SBER;D;230530;000000;248.84;250.85;243.8;244.65;82871290
SBER;D;230531;000000;244;247.18;240.27;246.17;72797140
SBER;D;230601;000000;247;247;240.57;241.66;51897410
SBER;D;230602;000000;242.01;245.5;240.77;243.95;46465000
SBER;D;230605;000000;243.51;244.15;235.1;237.12;78650640
SBER;D;230606;000000;236;242.1;232.54;240.91;100337100
SBER;D;230607;000000;241.23;244.39;238.56;241.25;63082450
SBER;D;230608;000000;241.3;242.78;239.55;241.77;29851820
SBER;D;230609;000000;242.79;243;240.11;240.4;27458600
SBER;D;230613;000000;241.51;244.5;240.63;244.33;40478120
SBER;D;230614;000000;245.7;247.68;242.8;244.6;51810860
SBER;D;230615;000000;245.12;245.94;243.22;245.18;40015310
SBER;D;230616;000000;245.5;245.9;243.7;243.87;23311220
SBER;D;230619;000000;244.46;244.69;241.32;242.28;29777860
SBER;D;230620;000000;241.95;242.22;238.82;241.74;36578050
SBER;D;230621;000000;241.9;243.92;240.6;242.2;26644780
SBER;D;230622;000000;242.1;242.8;240.13;240.66;23093570
SBER;D;230623;000000;239.96;240.99;234.34;235.67;61661860
SBER;D;230626;000000;239.6;240.5;233.4;238.4;81032100
SBER;D;230627;000000;239.02;242.34;236.8;241.21;51321260
SBER;D;230628;000000;241.8;241.8;238.6;239.67;28217550
SBER;D;230629;000000;239.75;241.26;239.02;239.99;28077670
SBER;D;230630;000000;240;240.68;238.36;239.61;24011230
SBER;D;230703;000000;240;244.56;239.15;243.33;47207170
SBER;D;230704;000000;243.45;243.78;240.61;240.7;41487820
SBER;D;230705;000000;241.48;241.9;240.24;240.95;19841190
SBER;D;230706;000000;241.45;242.47;240.71;240.96;23175870
SBER;D;230707;000000;241.2;243.75;240.7;243.67;30201090
SBER;D;230710;000000;244.22;249.45;244.2;249.4;64946220
SBER;D;230711;000000;250.02;250.2;246.51;247.99;49073930
SBER;D;230712;000000;248.39;249.2;246.1;247.52;39166310
SBER;D;230713;000000;247.96;248.15;245.34;246.19;29474970
SBER;D;230714;000000;246.3;247.05;244.51;246.45;25576610
SBER;D;230717;000000;244.76;246.2;243.6;245.39;35730950
SBER;D;230718;000000;245.6;247.5;245.26;246.77;35911790
SBER;D;230719;000000;247.21;248.1;245;245.85;31394740
SBER;D;230720;000000;246.25;246.25;242.15;242.7;35960520
SBER;D;230721;000000;243.17;244.53;241.7;244.13;32120690
SBER;D;230724;000000;243.99;245.85;243.52;244.87;19681330
SBER;D;230725;000000;245.37;247.77;244.81;247.2;39683790
SBER;D;230726;000000;247.22;248.33;245.9;247.05;26031980
SBER;D;230727;000000;247.51;249.3;247.24;247.95;39756100
SBER;D;230728;000000;247.99;249.45;246.67;249.25;35742280
SBER;D;230731;000000;251.35;267.77;251.35;267.4;167081570
SBER;D;230801;000000;268.98;273.35;264.1;268.5;162474350
SBER;D;230802;000000;268.53;269.97;266.52;268.57;48208590
SBER;D;230803;000000;269.01;271.35;266.8;269.11;75376240
SBER;D;230804;000000;269.48;272.96;261.21;264.12;132164900
SBER;D;230807;000000;266.5;268.09;260.5;261.92;61223950
SBER;D;230808;000000;261.91;265.44;258.8;264.62;65005790
SBER;D;230809;000000;265.46;265.8;263.05;263.91;34850720
SBER;D;230810;000000;264.72;267.5;263.96;266.91;37190100
SBER;D;230811;000000;267.2;267.4;264.8;266.23;24716230
SBER;D;230814;000000;267.37;268.77;259.15;260.45;86583040
SBER;D;230815;000000;259.1;264.17;256.63;260.42;58967150
SBER;D;230816;000000;261.29;261.68;254.33;256.02;71737910
SBER;D;230817;000000;257.19;258.8;255.5;258.5;35682720
SBER;D;230818;000000;258.39;261.37;257.35;261.14;30973320
SBER;D;230821;000000;262.33;263.06;259.51;261.15;35622200
SBER;D;230822;000000;261.9;262.11;259.81;261.45;25893210
SBER;D;230823;000000;261.55;261.83;256;256.4;53079140
SBER;D;230824;000000;257.62;259.94;256.4;259.63;26823420
SBER;D;230825;000000;258.8;261.6;257.61;260.5;28518670
SBER;D;230828;000000;261.25;267.83;260.81;266.93;57849930
SBER;D;230829;000000;266.62;267.56;265.14;265.68;35291820
SBER;D;230830;000000;265.73;267.36;263.1;264.7;38578950
SBER;D;230831;000000;265.05;266.25;264.3;264.85;22557030
SBER;D;230901;000000;265.4;265.62;264.06;265;19248500
SBER;D;230904;000000;266.5;269.11;266;267.39;47933710
SBER;D;230905;000000;266.97;267.98;261.09;264.75;39642920
SBER;D;230906;000000;264.33;264.68;262.31;263.5;28244090
SBER;D;230907;000000;263.52;264.97;256.1;258.79;67608570
SBER;D;230908;000000;258.45;259.33;253.1;255.68;49455340
SBER;D;230911;000000;257;258.37;255.16;256.25;43042300
SBER;D;230912;000000;257.69;262.4;257.09;262.4;45008650
SBER;D;230913;000000;262.38;262.77;257.59;258.18;29971320
SBER;D;230914;000000;258.85;261.38;255.02;260;46153720
SBER;D;230915;000000;259.8;262.74;258.56;260.83;35455920
SBER;D;230918;000000;262.06;263;258.76;259.07;28891500
SBER;D;230919;000000;258.93;259.32;251.5;252.72;89480280
SBER;D;230920;000000;252.81;255.47;249.82;253.77;66610520
SBER;D;230921;000000;252.94;254.2;249.81;250.16;58854870
SBER;D;230922;000000;249.85;253.1;248.62;251.99;40406630
SBER;D;230925;000000;252.11;253.49;249.83;252.65;31834270
SBER;D;230926;000000;252.2;257.17;250.9;255.87;42923170
SBER;D;230927;000000;256.26;257.85;254.63;256.1;27795730
SBER;D;230928;000000;256.22;258.25;255.5;257.67;26289900
SBER;D;230929;000000;257.99;262.59;256.71;260.72;68503050
SBER;D;231002;000000;261.38;261.92;257.03;258.98;35447350
SBER;D;231003;000000;258.99;260.5;257.23;259.65;23815150
SBER;D;231004;000000;259;260.39;258.24;259.53;18510890
SBER;D;231005;000000;260.71;261.39;258.26;259.38;23254560
SBER;D;231006;000000;259.77;263.4;257.86;262.93;31980230
SBER;D;231009;000000;263.02;265.97;263;265.25;45189600
SBER;D;231010;000000;264.9;265.18;257;263;33744090
SBER;D;231011;000000;263.18;263.99;259.5;260.21;29440350
SBER;D;231012;000000;260.03;264.5;259.66;264.5;27421510
SBER;D;231013;000000;264.75;265.04;262.7;263.51;18351530
SBER;D;231016;000000;263.99;269.2;263.51;268.15;53677710
SBER;D;231017;000000;268.25;271.97;266.91;270;51107660
SBER;D;231018;000000;270;271.19;266.11;267.9;40249640
SBER;D;231019;000000;267.14;271;266.28;268.65;33466930
SBER;D;231020;000000;268.5;270.3;266.5;269.8;32851790
SBER;D;231023;000000;270.47;274.1;269.65;270.1;62301840
SBER;D;231024;000000;270.03;272.06;268.62;271.27;27975250
SBER;D;231025;000000;271.5;274.96;270.53;273.73;41764060
SBER;D;231026;000000;274.1;276;269.12;269.9;59466100
SBER;D;231027;000000;270;271.98;266.8;269.7;49735190
SBER;D;231030;000000;269.9;271.55;268.6;269.89;33261680
SBER;D;231031;000000;269.91;270.5;266.87;268.35;26117980
SBER;D;231101;000000;268.29;270.3;267.6;269.68;20587810
SBER;D;231102;000000;270.01;270.98;268.5;269.06;25499750
SBER;D;231103;000000;269.07;269.78;267.2;268.54;20968810
SBER;D;231106;000000;269;273.87;268.62;273.42;29231770
SBER;D;231107;000000;273.08;274.78;272.2;273.31;32183320
SBER;D;231108;000000;273.53;278.35;273.28;278.15;58000060
SBER;D;231109;000000;278.6;278.85;276.02;276.65;28258660
SBER;D;231110;000000;276.99;281.3;276.6;280.19;44600220
SBER;D;231113;000000;280.4;284.8;280.32;283.97;45780320
SBER;D;231114;000000;283.66;283.88;280.54;280.87;40350240
SBER;D;231115;000000;280.87;283.93;278.51;282.89;41784490
SBER;D;231116;000000;282.4;283.69;279.56;279.7;24654700
SBER;D;231117;000000;279.69;282.5;278.66;281.6;31282610
SBER;D;231120;000000;281.8;284.2;281.61;282.91;25219810
SBER;D;231121;000000;282.29;283.82;281.66;282.79;19027720
SBER;D;231122;000000;283.14;286.67;282.85;286.16;47267490
SBER;D;231123;000000;286.16;287.77;285.04;286.19;27692900
SBER;D;231124;000000;286.48;287.5;285.11;286.85;26019540
SBER;D;231127;000000;287.41;289;278.88;282.33;79026910
SBER;D;231128;000000;282.4;282.51;277.32;279.91;45475110
SBER;D;231129;000000;279.48;280.56;276.2;276.8;29776060
SBER;D;231130;000000;276.71;278.65;272.75;277.5;55837620
SBER;D;231201;000000;277.04;277.98;273.55;273.97;31604310
SBER;D;231204;000000;273.59;274.95;270.52;270.96;37456310
SBER;D;231205;000000;271.97;279.65;270.54;279.62;46800410
SBER;D;231206;000000;279.92;280.79;266.83;267.58;99849690
SBER;D;231207;000000;267.74;270.44;263.06;265.12;63509590
SBER;D;231208;000000;266.01;268.23;263.72;265.16;35322130
SBER;D;231211;000000;265.17;266.47;254.81;256.89;77590450
SBER;D;231212;000000;256.79;262.88;255.05;257.6;63807080
SBER;D;231213;000000;257.58;261.39;256.5;260.45;29760860
SBER;D;231214;000000;261.4;262.75;255.58;256.64;40477500
SBER;D;231215;000000;256.61;268.91;256.61;268.21;84643800
SBER;D;231218;000000;268.9;270.44;266.54;268.4;51515190
SBER;D;231219;000000;268.35;269.71;265;267.35;38229660
SBER;D;231220;000000;267.52;269.1;266.2;266.61;30929220
SBER;D;231221;000000;266.55;266.87;263.5;265.19;33214370
SBER;D;231222;000000;266.07;271.9;265.37;271.3;58687300
SBER;D;231225;000000;271.75;273.85;270.05;271.08;37827910
SBER;D;231226;000000;271;272.89;270;271.9;22575240
SBER;D;231227;000000;271.9;272.59;270.85;271.08;17191450
SBER;D;231228;000000;270.99;272.48;268.52;271.74;29416450
SBER;D;231229;000000;272.08;272.59;270.55;270.82;20792860
SBER;D;240103;000000;271.75;274.7;271;274.56;20408560
SBER;D;240104;000000;274.68;275.48;273.7;274.12;11679550
SBER;D;240105;000000;274.3;274.69;272.8;273.62;9622380
SBER;D;240108;000000;273.59;277;273.53;276.76;21427450
SBER;D;240109;000000;276.94;278;274.71;275.28;20263120
SBER;D;240110;000000;275.3;276.16;273.64;274.49;20618950
SBER;D;240111;000000;274.62;275.97;274.01;275.71;19520470
SBER;D;240112;000000;275.9;276.96;274.77;275.84;17608350
SBER;D;240115;000000;276.3;277.73;275.21;275.96;21283290
SBER;D;240116;000000;276.24;276.45;274.1;276.01;16084140
SBER;D;240117;000000;276.02;279.17;275.75;278;34137100
SBER;D;240118;000000;278.22;278.87;276.76;277.07;17671830
SBER;D;240119;000000;277.39;277.47;273.55;274.86;28038880
SBER;D;240122;000000;274.89;275.9;273.85;274.93;15050630
SBER;D;240123;000000;274.69;277.26;274.31;275.9;20017040
SBER;D;240124;000000;275.94;276.44;273.7;273.77;20187430
SBER;D;240125;000000;274.03;274.18;271.55;272.81;24422490
SBER;D;240126;000000;273.1;273.72;272.21;272.65;11102660
SBER;D;240129;000000;273.05;274.95;272.7;274.05;17043130
SBER;D;240130;000000;274.05;277.25;273.97;275.67;27222730
SBER;D;240131;000000;275.8;276.45;275;276;12527800
SBER;D;240201;000000;276.07;277.75;275.93;276.86;15941680
SBER;D;240202;000000;277.01;277.3;276;276.74;12688460
SBER;D;240205;000000;276.94;278.57;276.9;277.84;16017040
SBER;D;240206;000000;278;278.99;277.3;278.67;15925370
SBER;D;240207;000000;278.81;284.5;278.81;284.41;45347300
SBER;D;240208;000000;284.56;286.24;281.25;282.17;44060410
SBER;D;240209;000000;282.16;284;281.5;283.5;24301430
SBER;D;240212;000000;283.67;287.84;283.5;287.28;33867350
SBER;D;240213;000000;287.52;289;285.4;287.07;33266090
SBER;D;240214;000000;287.08;290.6;286.84;289.06;35814960
SBER;D;240215;000000;289.26;290.45;287.63;290.24;25888540
SBER;D;240216;000000;290.47;292.3;286.25;288.33;53426930
SBER;D;240219;000000;288.59;289.98;287.07;288.93;24275510
SBER;D;240220;000000;289.23;289.28;283.29;283.9;44931560
SBER;D;240221;000000;283.91;285.28;280.2;282;48809450
SBER;D;240222;000000;282.24;285.05;282.1;284.77;25107350
SBER;D;240226;000000;288.52;291.3;287;291.25;42606720
SBER;D;240227;000000;291.34;293;290.55;292.52;32411030
SBER;D;240228;000000;292.61;293.95;289.75;291.75;49212360
SBER;D;240229;000000;292.3;293.2;291.3;292.19;22398680
SBER;D;240301;000000;292.21;295.88;292.21;295.38;27050460
SBER;D;240304;000000;295.8;299.5;295.8;299.17;40526260
SBER;D;240305;000000;299.32;300.41;297.57;298.4;41691010
SBER;D;240306;000000;298.19;299.33;296.82;297.71;17675740
SBER;D;240307;000000;297.72;300.58;297.24;300.4;21933870
SBER;D;240311;000000;300.99;302.95;298.5;299.79;41634000
SBER;D;240312;000000;299.54;301.07;297.34;300.9;28579520
SBER;D;240313;000000;301.2;301.49;298.7;298.85;23980400
SBER;D;240314;000000;298.47;298.7;295.14;295.83;42076250
SBER;D;240315;000000;295.75;299.44;295.29;298.3;26002750
SBER;D;240318;000000;299.41;299.98;297.63;298.87;20213950
SBER;D;240319;000000;298.3;299.4;294.21;295.2;59646690
SBER;D;240320;000000;295.4;296.88;293.52;295.4;30646650
SBER;D;240321;000000;295.95;297.3;291.8;295.62;70581560
SBER;D;240322;000000;295.77;296.79;291.05;292.99;48966360
SBER;D;240325;000000;294;294.93;292.13;293.9;25449910
SBER;D;240326;000000;294.44;295.82;293.04;294.11;16268420
SBER;D;240327;000000;294.45;295.11;293.47;295.1;14531720
SBER;D;240328;000000;295.51;299.3;295.51;299;33617440
SBER;D;240329;000000;299.37;299.5;298;298.72;17644190
SBER;D;240401;000000;299.99;301.65;299.5;300.43;28378290
SBER;D;240402;000000;300.42;300.99;298.95;300.38;19900790
SBER;D;240403;000000;300.39;307.13;300.17;306.72;58210390
SBER;D;240404;000000;306.8;307.77;304.36;304.61;29046010
SBER;D;240405;000000;304.65;306.5;303.7;306.1;19315070
SBER;D;240408;000000;306.5;308.6;306.22;307.75;24816860
SBER;D;240409;000000;308.1;309.35;305.51;306.76;31960600
SBER;D;240410;000000;306.76;307.14;304.62;306.48;20618060
SBER;D;240411;000000;306.64;308;305.7;306.95;20511760
SBER;D;240412;000000;307.41;307.87;306.3;307.1;16001210
SBER;D;240415;000000;307.4;308.39;306.64;307.99;20711610
SBER;D;240416;000000;308;308.65;307;308.29;17030710
SBER;D;240417;000000;308.64;309.74;305.91;306.59;28070320
SBER;D;240418;000000;306.02;308.29;305.05;307.99;20296500
SBER;D;240419;000000;308.02;308.38;306.8;307.38;14563250
SBER;D;240422;000000;307.99;315;307.38;314.99;68916500
SBER;D;240423;000000;315.3;315.79;306.26;307.39;92606890
SBER;D;240424;000000;307.52;309.79;306.65;307.94;26515970
SBER;D;240425;000000;307.96;309.07;307.45;308.41;15934990
SBER;D;240426;000000;308.5;309.9;308;309;21126710
SBER;D;240427;000000;309.2;309.99;308.7;308.98;13089900
SBER;D;240429;000000;309.13;309.6;307.65;308.97;10004910
SBER;D;240430;000000;309.19;309.49;308.03;308.24;5969290
SBER;D;240502;000000;308.71;309.19;306.8;307.37;16246440
SBER;D;240503;000000;307.16;308.29;304.34;307.53;30440790
SBER;D;240506;000000;308.08;308.09;305.55;306.01;19100370
SBER;D;240507;000000;306.25;308.87;306.21;308.22;16606530
SBER;D;240508;000000;308.41;311.83;308.08;311.21;33875380
SBER;D;240510;000000;311.49;313.5;311.31;313.49;16675700
SBER;D;240513;000000;314.1;315.7;314.04;314.85;21503920
SBER;D;240514;000000;314.98;318.41;313.58;318.12;35181520
SBER;D;240515;000000;318.2;320.16;317.7;319.7;28195960
SBER;D;240516;000000;320.01;322.91;320;322.91;27790120
SBER;D;240517;000000;322.95;323.5;320.02;323.16;24321350
SBER;D;240520;000000;324;324.85;318.94;321.08;36547050
SBER;D;240521;000000;320.89;322.23;318;320.64;33999260
SBER;D;240522;000000;320.84;323.1;320.84;322.93;18635350
SBER;D;240523;000000;322.8;324;321.23;323.54;17835590
SBER;D;240524;000000;323.83;324.48;319.78;321;26553810
SBER;D;240527;000000;321.08;321.95;315.5;317.09;45678990
SBER;D;240528;000000;317.49;320.9;315.82;318.22;30148450
SBER;D;240529;000000;318.4;320.4;315.92;320.38;22961680
SBER;D;240530;000000;320.91;321.55;316;316.63;26931430
SBER;D;240531;000000;316.5;318.49;309.8;313.11;49135220
SBER;D;240603;000000;313.5;315.5;305;310.95;61756350
SBER;D;240604;000000;310.97;316.5;308.8;316.49;33007760
SBER;D;240605;000000;316.63;318.28;313.85;314.72;27769570
SBER;D;240606;000000;314.7;316.45;311.15;313.08;28304600
SBER;D;240607;000000;313.61;320.64;312.73;319.9;44451740
SBER;D;240610;000000;320.79;321.98;315.21;317.28;26271510
SBER;D;240611;000000;317.5;319.84;315.88;317.8;20045280
SBER;D;240613;000000;305.83;317.82;304.14;317.71;40596660
SBER;D;240614;000000;317.8;320.7;316.2;319.35;21471310
SBER;D;240617;000000;320;320.45;316.85;317.65;15421940
SBER;D;240618;000000;317.65;318;313.02;314.34;21995830
SBER;D;240619;000000;314.38;314.78;307.51;310.7;42166660
SBER;D;240620;000000;310.71;314.72;306.02;314.15;72766890
SBER;D;240621;000000;314.9;316;312.6;314.14;29078260
SBER;D;240624;000000;314.57;319;314.14;317.25;29541850
SBER;D;240625;000000;317.42;319.89;316.28;319.8;25961320
SBER;D;240626;000000;320.1;324.56;319.8;324.55;42419730
SBER;D;240627;000000;324.8;327.83;322.63;327.16;46744210
SBER;D;240628;000000;327.83;329.3;325.8;327.15;40401840
SBER;D;240701;000000;327.68;329;326.25;327.1;31651010
SBER;D;240702;000000;327.3;328.87;326.82;328.37;21147250
SBER;D;240703;000000;328.6;330.45;327;328.2;32149800
SBER;D;240704;000000;328.37;329.57;323.81;324.66;40717120
SBER;D;240705;000000;324.72;327;321.01;325;40395560
SBER;D;240708;000000;325.76;327.44;323.74;324.07;27707420
SBER;D;240709;000000;324.32;325.33;317.5;319.99;54117710
SBER;D;240710;000000;319.01;320.3;314.3;316.68;88434130
SBER;D;240711;000000;289.96;296.98;285.22;295.87;163673770
SBER;D;240712;000000;296.01;297.48;290.97;292.21;49886960
SBER;D;240715;000000;292.93;293.86;283.5;284.38;58676410
SBER;D;240716;000000;284.49;285.69;276.7;285.25;82828490
SBER;D;240717;000000;285.84;289.96;283.23;284.68;42767400
SBER;D;240718;000000;284.69;289.99;282.73;289.83;34064140
SBER;D;240719;000000;290.67;292.58;289.2;289.9;30979970
SBER;D;240722;000000;291;294.95;291;294.71;33311040
SBER;D;240723;000000;295.45;295.48;293.36;294.39;22093540
SBER;D;240724;000000;294.38;296.67;293.2;295.69;24544600
SBER;D;240725;000000;295.7;297.3;294.2;296.37;22844710
SBER;D;240726;000000;296.4;300;292.67;293.3;84884940
SBER;D;240729;000000;292.94;292.94;286;286.58;52219730
SBER;D;240730;000000;286.5;291.99;284.32;290;42534130
SBER;D;240731;000000;290.46;291.2;288.01;289.3;25920100
SBER;D;240801;000000;289.75;290.69;287.04;287.21;18623090
SBER;D;240802;000000;287.21;287.99;284.37;286.04;30076980
SBER;D;240805;000000;282.79;283.46;275.17;275.49;81937270
SBER;D;240806;000000;277.02;281.16;276.35;279.4;43202810
SBER;D;240807;000000;280.01;283.27;277.21;282.2;48382920
SBER;D;240808;000000;283.25;285.42;280;281.09;42244110
SBER;D;240809;000000;280.98;282.67;279.62;281.44;22241490
SBER;D;240812;000000;280.17;281.5;278.03;280.74;27637540
SBER;D;240813;000000;281.05;284.33;280.42;283.92;24020180
SBER;D;240814;000000;284.2;284.7;280.12;280.32;21714850
SBER;D;240815;000000;280.62;280.85;276.73;278.01;28609160
SBER;D;240816;000000;278.06;279;274.32;274.6;26162430
SBER;D;240819;000000;275.08;275.56;265.02;268.17;68554390
SBER;D;240820;000000;268.35;269.49;263.36;266.2;54188810
SBER;D;240821;000000;266.16;267.8;263.86;266.93;37082330
SBER;D;240822;000000;266.93;268.5;260.15;261.6;47832270
SBER;D;240823;000000;261.7;262.8;255.56;259.5;76692590
SBER;D;240826;000000;263.55;266.95;261.54;265.39;49740810
SBER;D;240827;000000;265.82;266.07;259.82;260.5;32322390
SBER;D;240828;000000;259.9;262.47;254.99;262.47;47819940
SBER;D;240829;000000;262.59;264.19;258.36;260.31;34789950
SBER;D;240830;000000;260.55;261.8;254;254.45;46093930
SBER;D;240902;000000;254.03;254.2;242.65;244.31;97567000
SBER;D;240903;000000;244.39;250;240.01;244.04;105623660
SBER;D;240904;000000;244.51;253.5;242.8;253.01;70628230
SBER;D;240905;000000;255;258.17;251.11;252.82;78275280
SBER;D;240906;000000;253.04;255.35;250.31;254.77;41321430
SBER;D;240909;000000;256;263.45;255.3;263.31;66034220
SBER;D;240910;000000;264.6;264.61;258.7;261.29;57661380
SBER;D;240911;000000;260.8;262;257.5;258.2;38187230
SBER;D;240912;000000;257.79;258.68;252.85;254.93;46294910
SBER;D;240913;000000;255.18;259.92;248.75;258.25;111072970
SBER;D;240916;000000;259.65;264.37;257.8;263.79;52514890
SBER;D;240917;000000;264.12;267;260.55;265.99;57482960
SBER;D;240918;000000;265.73;267.99;263.15;263.4;43207650
SBER;D;240919;000000;263.93;266.19;262.32;264.5;35624340
SBER;D;240920;000000;264.55;269.21;264.5;269.08;38731230
SBER;D;240923;000000;269.32;273.8;269.3;273.17;49321720
SBER;D;240924;000000;273.83;273.94;270.5;272.92;36940480
SBER;D;240925;000000;272.93;273.8;267.3;267.8;43747450
SBER;D;240926;000000;267.6;269.76;265.41;267.88;31838840
SBER;D;240927;000000;268.5;269.7;267.17;268.07;18850980
SBER;D;240930;000000;269.25;272.33;268.14;268.49;42404640
SBER;D;241001;000000;267.64;268.68;264;266.29;51992710
SBER;D;241002;000000;266.28;268;258.52;259.31;46490120
SBER;D;241003;000000;259.31;264.49;257.2;264.25;56487900
SBER;D;241004;000000;264.95;265.44;262.11;264.09;25906840
SBER;D;241007;000000;264.25;267;261.37;263.39;28903960
SBER;D;241008;000000;263.19;263.8;261.89;262.4;16119810
SBER;D;241009;000000;262.55;263.8;259.59;260.86;24955850
SBER;D;241010;000000;260.89;261.64;258.91;259.98;17641350
SBER;D;241011;000000;259.81;260.07;256.8;256.94;24807370
SBER;D;241014;000000;256.47;263.91;254.1;261.28;64068170
SBER;D;241015;000000;260.94;263.7;259.84;262.03;26188700
SBER;D;241016;000000;262.06;264.72;258.45;259.5;40177540
SBER;D;241017;000000;259.5;260.45;256.03;256.57;24610370
SBER;D;241018;000000;256.5;258.9;254.41;257.19;29989090
SBER;D;241021;000000;257.27;259.85;256.78;258.21;21431740
SBER;D;241022;000000;258.1;258.8;255.25;255.42;17034860
SBER;D;241023;000000;255.25;255.9;251.34;252.01;30386580
SBER;D;241024;000000;252.02;254.27;250.25;252.64;28722160
SBER;D;241025;000000;252.76;255.35;245.7;246.35;80582460
SBER;D;241028;000000;245.07;249;241.61;242.56;71823960
SBER;D;241029;000000;243.19;244.6;239.88;242.66;47036950
SBER;D;241030;000000;242.86;246.22;241.11;241.45;39715140
SBER;D;241031;000000;241.39;242.8;236.23;237.9;57012180
SBER;D;241101;000000;237.91;239.1;234.57;238.03;48318530
SBER;D;241102;000000;237.88;240;237.71;238.97;14853190
SBER;D;241105;000000;239.61;241.2;238.07;239.23;28108960
SBER;D;241106;000000;247;248.56;242.05;243.6;77709700
SBER;D;241107;000000;243.26;251;242.16;250.93;44425190
SBER;D;241108;000000;251.5;255.99;250.5;255.98;57955250
SBER;D;241111;000000;257.98;261.3;256.49;260.73;67108770
SBER;D;241112;000000;259.99;260.7;255.27;255.77;40858380
SBER;D;241113;000000;255.3;258.96;254.05;254.7;44517870
SBER;D;241114;000000;254.3;255.92;248.6;249.52;48972450
SBER;D;241115;000000;249.4;254.43;248.05;253.43;44169640
SBER;D;241118;000000;249.09;251.94;247.3;248.72;51127080
SBER;D;241119;000000;249.05;249.83;239.62;240.59;75453920
SBER;D;241120;000000;241.8;243.59;234.74;237.05;70236990
SBER;D;241121;000000;237.16;240.94;234;240.47;75052950
SBER;D;241122;000000;240.55;241;234.78;236;45501870
SBER;D;241125;000000;236;237.1;227.25;227.81;76358230
SBER;D;241126;000000;227.81;231.9;221.2;223.16;96738220
SBER;D;241127;000000;223.88;226.47;219.2;226.3;112401690
SBER;D;241128;000000;227.06;229.5;222.48;228.56;67717140
SBER;D;241129;000000;228.48;236.99;227.55;236.49;70247610
SBER;D;241202;000000;237.09;238.7;234.32;235.17;45050170
SBER;D;241203;000000;235.29;235.97;230.26;230.8;45313800
SBER;D;241204;000000;231.05;233.79;224.3;224.55;72374990
SBER;D;241205;000000;224.6;233.75;222.82;233.48;86902200
SBER;D;241206;000000;233.63;238.25;231.52;237.84;81003410
SBER;D;241209;000000;239.27;240.51;236.75;237.29;52314320
SBER;D;241210;000000;238;238.01;230.65;230.82;58548350
SBER;D;241211;000000;230.5;234.39;229.22;234.19;64817940
SBER;D;241212;000000;234;235.95;228.52;229.02;59118900
SBER;D;241213;000000;228.89;231.33;227.85;228.7;46091280
SBER;D;241216;000000;228.6;229.05;224.38;225.53;54519260
SBER;D;241217;000000;225.58;227.49;223.72;226.5;45827690
SBER;D;241218;000000;226.72;230.8;224.33;230.15;58002020
SBER;D;241219;000000;230.17;234.99;227.71;229;123831990
SBER;D;241220;000000;229.32;258.98;228.03;257.6;235163880
SBER;D;241223;000000;260;270;256.51;264.9;162588610
SBER;D;241224;000000;264.93;266.79;261.02;264.34;83747800
SBER;D;241225;000000;263.64;273;260.31;271.69;125501440
SBER;D;241226;000000;272.02;274.25;269.1;269.56;75523970
SBER;D;241227;000000;269.69;272.16;268.57;271.2;52121690
SBER;D;241228;000000;271.37;273.99;270.4;272.83;39560080
SBER;D;241230;000000;273.99;279.49;273.7;279.43;52353840
SBER;D;250103;000000;279.99;280.41;271.8;272.25;42928720
SBER;D;250106;000000;270.88;274.41;270.07;274.37;28260720
SBER;D;250108;000000;273.39;277.87;273.09;277;26185200
SBER;D;250109;000000;276.89;278.77;270.73;271.8;52866520
SBER;D;250110;000000;272.32;279.53;270.27;278.77;71104590
SBER;D;250113;000000;280.65;284.75;278.6;279.8;66252420
SBER;D;250114;000000;279.82;282.36;277.41;279.85;45983040
SBER;D;250115;000000;280;282.82;276.06;282.77;52822640
SBER;D;250116;000000;283.72;284;281.18;281.8;49321630
SBER;D;250117;000000;282.2;284.64;280.19;283.53;51815780
SBER;D;250120;000000;285.11;286.23;277.61;278.19;67543880
SBER;D;250121;000000;279.39;281.85;276.32;281.85;40374630
SBER;D;250122;000000;281.94;284;280.2;280.36;47032130
SBER;D;250123;000000;280.79;280.79;277.35;280.49;38509890
SBER;D;250124;000000;281;282.75;279.25;280.74;32083360
SBER;D;250127;000000;280.72;280.97;275.01;275.23;39028630
SBER;D;250128;000000;275.25;279.26;274.01;278.35;39024990
SBER;D;250129;000000;277.95;282.18;277.12;280.36;39150990
SBER;D;250130;000000;280.37;282.5;280.36;281.97;28018670
SBER;D;250131;000000;281.83;284.11;280.27;280.73;40327370
SBER;D;250203;000000;280.21;280.35;278;279.55;30335260
SBER;D;250204;000000;279.55;281.41;275.7;277.4;23982810
SBER;D;250205;000000;277.3;283.89;275.34;282.88;43063150
SBER;D;250206;000000;283.89;288.92;282.09;287.15;69290140
SBER;D;250207;000000;287.66;288.9;285.08;285.81;27610110
SBER;D;250210;000000;287.64;294.55;287.61;289.94;72903060
SBER;D;250211;000000;290.42;294.1;289.3;294.06;55991750
SBER;D;250212;000000;294.3;314.4;291.3;314;185802940
SBER;D;250213;000000;315.61;318.72;307.2;310.1;116571990
SBER;D;250214;000000;315.59;317.84;303.06;309.87;126690930
SBER;D;250217;000000;314;319.55;312.31;319.5;84607980
SBER;D;250218;000000;319.9;320.92;310.21;312.95;84855800
SBER;D;250219;000000;313.53;317.25;311.01;315.91;50473290
SBER;D;250220;000000;315.91;317.96;314.02;315.05;33153140
SBER;D;250221;000000;315.48;316.69;312;314.74;32724140
SBER;D;250224;000000;314.93;316.4;313;316.03;35706150
SBER;D;250225;000000;316.03;318.59;315.62;316.97;38812180
SBER;D;250226;000000;317;317.45;308.31;310.22;73822090
SBER;D;250227;000000;310.22;312.45;305.43;307.1;60919290
SBER;D;250228;000000;306.01;310.4;304.05;309.63;65631160
SBER;D;250301;000000;309.84;310.94;309.47;310.11;1138430
SBER;D;250302;000000;309.5;309.63;306.8;307.44;1885110
SBER;D;250303;000000;306.45;307.92;300.2;305.5;66383120
SBER;D;250304;000000;306.43;318.5;306.14;316.4;88099480
SBER;D;250305;000000;316.5;318.3;313;313.56;57710050
SBER;D;250306;000000;313.63;317.43;313.57;315.18;31957120
SBER;D;250307;000000;315.3;321.87;310.69;316.92;110870150
SBER;D;250310;000000;317;320.63;316.37;317.57;39294670
SBER;D;250311;000000;317.78;321.98;315.57;319.69;64926270
SBER;D;250312;000000;319.8;320.9;315.8;318.39;41920410
SBER;D;250313;000000;318.39;320.5;312.5;316.37;78546460
SBER;D;250314;000000;315.91;321.1;314.12;320.51;51691040
SBER;D;250315;000000;320.69;321.3;319.82;320.74;1455280
SBER;D;250316;000000;320.52;323.5;320.52;323.44;5680630
SBER;D;250317;000000;323.45;326.97;322.62;326.02;58625040
SBER;D;250318;000000;326.19;329.77;323.82;324.06;72941970
SBER;D;250319;000000;324.49;326.88;322.3;325.3;39792530
SBER;D;250320;000000;325.41;326;321.8;324.05;42352140
SBER;D;250321;000000;324;326.08;322.15;323.26;28693860
SBER;D;250324;000000;323.26;323.94;318.51;319.47;33031030
SBER;D;250325;000000;320;322.2;314.65;319.8;48324870
SBER;D;250326;000000;320;320.88;315.01;315.23;20575860
SBER;D;250327;000000;315.8;317.16;311.95;311.96;36144680
SBER;D;250328;000000;311.95;313.65;305.65;308.04;51856020
SBER;D;250329;000000;307.8;308.3;302.64;303.89;5739820
SBER;D;250330;000000;303.2;305.3;298.8;299.22;9158830
SBER;D;250331;000000;300.07;310.88;300;309.72;48301070
SBER;D;250401;000000;310.01;312.9;302.7;303.24;46073820
SBER;D;250402;000000;303.22;306.5;301.21;306.11;40192400
SBER;D;250403;000000;306.28;309.2;296;302.09;52379750
SBER;D;250404;000000;303.55;304.37;284.4;285.35;88534980
SBER;D;250405;000000;285.25;287.03;280.11;284.98;14100160
SBER;D;250406;000000;285.35;290.47;284.22;290.35;8755880
SBER;D;250407;000000;285.3;294;275.76;287.56;125059850
SBER;D;250408;000000;290;294.66;281.5;282.03;65473560
SBER;D;250409;000000;280.91;294.48;276.33;293.4;109320240
SBER;D;250410;000000;294.09;296.75;288.27;292.46;62750700
SBER;D;250411;000000;292.8;300.48;292.8;299.81;50415310
SBER;D;250412;000000;300.18;301.8;300.03;300.95;4615240
SBER;D;250413;000000;300.88;301.99;300.01;301.49;4079210
SBER;D;250414;000000;301.49;302.4;295.13;296.5;34689330
SBER;D;250415;000000;296.51;300.45;295.6;297.99;24246330
SBER;D;250416;000000;298.09;303.3;296.06;300.8;30083090
SBER;D;250417;000000;301;305.07;300.41;304.8;37528700
SBER;D;250418;000000;302.7;303.85;296.25;300.01;46057000
SBER;D;250421;000000;302.67;308.7;301.76;308.12;51188620
SBER;D;250422;000000;308.5;315;306.55;312.25;64466770
SBER;D;250423;000000;313;314.98;305.55;310;58824230
SBER;D;250424;000000;310.78;312.8;309.09;310.16;24105720
SBER;D;250425;000000;310.89;317.87;310.71;316.69;51669060
SBER;D;250426;000000;318.42;320.26;317;317.58;9511000
SBER;D;250427;000000;318.2;318.97;317.39;318.18;2238080
SBER;D;250428;000000;318.36;320;313.52;314.23;52304570
SBER;D;250429;000000;314.94;315.45;308.1;309.41;30218510
SBER;D;250430;000000;309.4;309.95;303.12;307.8;41262390
SBER;D;250502;000000;307.73;307.73;299.7;299.96;19718480
SBER;D;250503;000000;299.9;302.24;299.52;300.7;2942530
SBER;D;250504;000000;300.7;302.78;300.02;301.8;2867700
SBER;D;250505;000000;301.82;302.59;291.66;294.64;45487870
SBER;D;250506;000000;294.65;304.75;292.05;302.02;49317710
SBER;D;250507;000000;302.51;304.24;300.56;302.79;29655240
SBER;D;250508;000000;302.99;306;300.61;302.15;20809880
SBER;D;250510;000000;303.53;304;301.7;302.38;2084470
SBER;D;250511;000000;305.85;307.64;304.55;305.48;8172680
SBER;D;250512;000000;307.55;311.49;307.26;310.81;34653810
SBER;D;250513;000000;310.8;312.5;309.61;311.24;24729810
SBER;D;250514;000000;311.5;313.71;304.04;304.21;27149310
SBER;D;250515;000000;304.21;307.77;300.49;304.72;47415670
SBER;D;250516;000000;304.71;308.88;296.56;306.34;63950560
SBER;D;250517;000000;306.34;309.48;306.01;308.89;4795590
SBER;D;250518;000000;309.67;311.86;309.3;311.15;5402510
SBER;D;250519;000000;311.48;313;306.34;308.33;44482040
SBER;D;250520;000000;308.88;309.55;304.7;306.16;19804720
SBER;D;250521;000000;306.18;307.56;302.89;303.98;20454350
SBER;D;250522;000000;304.03;305.6;299.17;302.66;35011620
SBER;D;250523;000000;302.8;305;301.33;302.22;17168890
SBER;D;250526;000000;302.23;302.49;295.5;297.77;34610630
SBER;D;250527;000000;297.68;299.9;293.08;298.7;25752260
SBER;D;250528;000000;299.06;308.82;299;308.47;47995510
SBER;D;250529;000000;308.65;309.95;305.66;306.65;24021920
SBER;D;250530;000000;306.5;310.29;305.01;309.3;21903940
SBER;D;250531;000000;309.31;309.84;308.31;308.74;1459500
SBER;D;250601;000000;308.69;308.69;300.51;303.14;11904960
SBER;D;250602;000000;302.6;311.99;302;309.63;41186650
SBER;D;250603;000000;309.7;314.88;309.39;313.55;34901410
SBER;D;250604;000000;314.04;318.29;311.17;313.23;53773500
SBER;D;250605;000000;313.78;318.59;313.53;317.96;28353280
SBER;D;250606;000000;318.35;325.43;312.52;313.13;102005180
SBER;D;250607;000000;314;314.95;313.72;314.65;2022260
SBER;D;250608;000000;314.66;314.88;313.61;313.75;1217140
